Workbook

Sheet 1. Kriteria-Sub Kriteria
F1: No. | G1: Nama Kriteria | H1: Sub Kriteria
F2: 1. | G2: Pekerjaan | H2: Tetap
H3: Tidak Tetap
H4: Tidak Bekerja
F5: 2. | G5: Status Hubungan Dalam Keluarga | H5: Kepala Keluarga
H6: Suami/Istri
H7: Anak
H8: Menantu
H9: Cucu
H10: Mertua
H11: Famili Lain
H12: Lainnya
F13: 3. | G13: Data Kependudukan Sinkron | H13: Ya
H14: Tidak
F15: 4. | G15: Adanya Anggota Keluarga Sudah Ditanggung Iuran BPJS | H15: Ada
H16: Tidak
F17: 5. | G17: Adanya Anggota Keluarga di luar keluarga inti | H17: Ada
H18: Tidak
F19: 6. | G19: Kependudukan Sesuai Wilayah PBI BPJS | H19: Ya
H20: Tidak

Sheet 2. Pembobotan Kriteria
E1: No. | F1: Nama Kriteria | G1: Nilai Bobot
E2: 1 | F2: Pekerjaan | G2: 90
E3: 2 | F3: Status Hubungan Dalam Keluarga | G3: 60
E4: 3 | F4: Data Kependudukan Sinkron | G4: 70
E5: 4 | F5: Adanya Anggota Keluarga Sudah Ditanggung Iuran BPJS | G5: 60
E6: 5 | F6: Adanya Anggota Keluarga di luar keluarga inti | G6: 60
E7: 6 | F7: Kependudukan Sesuai Wilayah PBI BPJS | G7: 80
G8: =SUM(G2:G7) -> 420

Sheet 3. Normalisasi
E1: Nama Kriteria | F1: Normalisasi | H1: hitungan
A2: pembobotan kriteria/total bobot kriteria | D2: 1 | E2: Pekerjaan | F2: =SUM('2. Pembobotan Kriteria'!G2/'2. Pembobotan Kriteria'!G8) -> 0.21428571 | H2: 90/420
D3: 2 | E3: Status Hubungan Dalam Keluarga | F3: =SUM('2. Pembobotan Kriteria'!G3/'2. Pembobotan Kriteria'!G8) -> 0.14285714 | H3: 60/420
D4: 3 | E4: Data Kependudukan Sinkron | F4: =SUM('2. Pembobotan Kriteria'!G4/'2. Pembobotan Kriteria'!G8) -> 0.16666667 | H4: 70/420
D5: 4 | E5: Adanya Anggota Keluarga Sudah Ditanggung Iuran BPJS | F5: =SUM('2. Pembobotan Kriteria'!G5/'2. Pembobotan Kriteria'!G8) -> 0.14285714 | H5: 60/420
D6: 5 | E6: Adanya Anggota Keluarga di luar keluarga inti | F6: =SUM('2. Pembobotan Kriteria'!G6/'2. Pembobotan Kriteria'!G8) -> 0.14285714 | H6: 60/420
D7: 6 | E7: Kependudukan Sesuai Wilayah PBI BPJS | F7: =SUM('2. Pembobotan Kriteria'!G7/'2. Pembobotan Kriteria'!G8) -> 0.19047619 | H7: 80/420
E8: jumlah | F8: =SUM(F2:F7) -> 1

Sheet 4. Nilai Utility
F1: No. | G1: Nama Kriteria | H1: Sub Kriteria | I1: Nilai Utility
F2: 1 | G2: Pekerjaan | H2: Tetap | I2: 40
H3: Tidak Tetap | I3: 80
H4: Tidak Bekerja | I4: 90
F5: 2 | G5: Status Hubungan Dalam Keluarga | H5: Kepala Keluarga | I5: 80
H6: Suami/Istri | I6: 75
H7: Anak | I7: 70
H8: Menantu | I8: 50
H9: Cucu | I9: 30
H10: Mertua | I10: 40
H11: Famili Lain | I11: 20
H12: Lainnya | I12: 10
F13: 3 | G13: Data Kependudukan Sinkron | H13: Ya | I13: 80
H14: Tidak | I14: 50
F15: 4 | G15: Adanya Anggota Keluarga Sudah Ditanggung Iuran BPJS | H15: Ada | I15: 40
H16: Tidak | I16: 70
F17: 5 | G17: Adanya Anggota Keluarga di luar keluarga inti | H17: Ada | I17: 50
H18: Tidak | I18: 80
F19: 6 | G19: Kependudukan Sesuai Wilayah PBI BPJS | H19: Ya | I19: 80
H20: Tidak | I20: 30

Sheet 5. Contoh Kasus
A1: Warga kota yk dengan pekerjaan wiraswasta, status hubungan dalam keluarga sebagai famili lain karena saat ini numpang KK, sudah memiliki bpjs mandiri, data antara KK dan KTP sudah sesuai | C1: 100*(input-nilai utility minimal)/(utl max-utl min)% | E1: Nama Kriteria | F1: Nilai Utility | G1: Bobot Nilai Utility | H1: perhitungan
E2: Pekerjaan | F2: 80 | G2: =100*((F2-'4. Nilai Utility'!I2)/('4. Nilai Utility'!I4-'4. Nilai Utility'!I2))% -> 0.8 | H2: (100*(80-40)/(90-40))% | I2: =SUM(100*(80-40)/(90-40))% -> 0.8
E3: Status Hubungan Dalam Keluarga | F3: 20 | G3: =100*((F3-'4. Nilai Utility'!I12)/('4. Nilai Utility'!I5-'4. Nilai Utility'!I12))% -> 0.14285714 | H3: (100*(20-10)/(80-10))% | I3: =SUM(100*(20-10)/(80-10))% -> 0.14285714
E4: Data Kependudukan Sinkron | F4: 80 | G4: =100*((F4-'4. Nilai Utility'!I14)/('4. Nilai Utility'!I13-'4. Nilai Utility'!I14))% -> 1 | H4: (100*(80-50)/(80-50))% | I4: =SUM(100*(80-50)/(80-50))% -> 1
E5: Adanya Anggota Keluarga Sudah Ditanggung Iuran BPJS | F5: 40 | G5: =100*((F5-'4. Nilai Utility'!I15)/('4. Nilai Utility'!I16-'4. Nilai Utility'!I15))% -> 0 | H5: (100*(40-40)/(70-40))% | I5: =SUM(100*(40-40)/(70-40))% -> 0
E6: Adanya Anggota Keluarga di luar keluarga inti | F6: 50 | G6: =100*((F6-'4. Nilai Utility'!I17)/('4. Nilai Utility'!I18-'4. Nilai Utility'!I17))% -> 0 | H6: (100*(50-50)/(80-50))% | I6: =SUM(100*(50-50)/(80-50))% -> 0
E7: Kependudukan Sesuai Wilayah PBI BPJS | F7: 80 | G7: =100*((F7-'4. Nilai Utility'!I20)/('4. Nilai Utility'!I19-'4. Nilai Utility'!I20))% -> 1 | H7: (100*(80-30)/(80-30))% | I7: =SUM(100*(80-30)/(80-30))% -> 1
A8: Sub Kriteria | B8: Nilai Utility | G8: =SUM(G2:G7) -> 2.9428571
A9: Tetap | B9: 40 | G9: 2.94
A10: Tidak Tetap | B10: 80
A11: Tidak Bekerja | B11: 90
A12: Kepala Keluarga | B12: 80
A13: Suami/Istri | B13: 75
A14: Anak | B14: 70
A15: Menantu | B15: 50
A16: Cucu | B16: 30
A17: Mertua | B17: 40
A18: Famili Lain | B18: 20
A19: Lainnya | B19: 10
A20: Ya | B20: 80
A21: Tidak | B21: 50
... A27: Tidak | B27: 30

Sheet 6. Nilai Akhir
A1: Nama Kriteria | B1: normalisasi | C1: bobot utility (dari contoh kasus) | D1: nilai akhir (normalisasi*bobot nilai utility)
A2: Pekerjaan | B2: =90/420 -> 0.21428571 | C2: =(100*(80-40)/(90-40))% -> 0.8 | D2: =B2*C2 -> 0.17142857
A3: Status Hubungan Dalam Keluarga | B3: =60/420 -> 0.14285714 | C3: =(100*(20-10)/(80-10))% -> 0.14285714 | D3: =B3*C3 -> 0.020408163
A4: Data Kependudukan Sinkron | B4: =70/420 -> 0.16666667 | C4: =(100*(80-50)/(80-50))% -> 1 | D4: =B4*C4 -> 0.16666667
A5: Adanya Anggota Keluarga Sudah Ditanggung Iuran BPJS | B5: =60/420 -> 0.14285714 | C5: =(100*(40-40)/(70-40))% -> 0 | D5: =B5*C5 -> 0
A6: Adanya Anggota Keluarga di luar keluarga inti | B6: =60/420 -> 0.14285714 | C6: =(100*(50-50)/(80-50))% -> 0 | D6: =B6*C6 -> 0
A7: Kependudukan Sesuai Wilayah PBI BPJS | B7: =80/420 -> 0.19047619 | C7: =(100*(80-30)/(80-30))% -> 1 | D7: =B7*C7 -> 0.19047619
A12: Nama Kriteria | B12: Nilai Akhir
A13: Pekerjaan | B13: ='3. Normalisasi'!F2*'5. Contoh Kasus'!G2 -> 0.17142857
A14: Status Hubungan Dalam Keluarga | B14: ='3. Normalisasi'!F3*'5. Contoh Kasus'!G3 -> 0.020408163
A15: Data Kependudukan Sinkron | B15: ='3. Normalisasi'!F4*'5. Contoh Kasus'!G4 -> 0.16666667
A16: Adanya Anggota Keluarga Sudah Ditanggung Iuran BPJS | B16: ='3. Normalisasi'!F5*'5. Contoh Kasus'!G5 -> 0
A17: Adanya Anggota Keluarga di luar keluarga inti | B17: ='3. Normalisasi'!F6*'5. Contoh Kasus'!G6 -> 0
A18: Kependudukan Sesuai Wilayah PBI BPJS | B18: ='3. Normalisasi'!F7*'5. Contoh Kasus'!G7 -> 0.19047619
B19: =SUM(B13:B18) -> 0.54897959

Sheet 7. Tabel Keputusan
A1: No. | B1: Nilai | C1: Keterangan
A2: 1. | B2: 0 s/d 0.49 | C2: Tidak berhak menerima PBI BPJS
A3: 2. | B3: 0.50 s/d 0.75 | C3: Bisa diupayakan menerima PBI BPJS dengan penyesuaian persyaratan
A4: 3. | B4: 0.76 s/d 1 | C4: Berhak menerima PBI BPJS
B7: Karena contoh kasus sebelumnya hanya mendapatkan nilai 0.54898, sesuai dengan tabel keputusan maka warga tersebut bisa diupayakan menerima PBI BPJS dengan penyesuaian persyaratan
